Ruolo;Calciatore;Squadra;Quota
A;ICARDI;INTER;33.5
A;HIGUAIN;NAPOLI;31
A;TONI;VERONA;28.8
A;BERARDI;SASSUOLO;27.7
A;DI NATALE;UDINESE;26.6
A;DZEKO;ROMA;26.2
A;BACCA;MILAN;26.2
A;MORATA;JUVENTUS;26.2
A;QUAGLIARELLA;TORINO;25.6
A;EDER;SAMPDORIA;25.2
A;JOVETIC;INTER;25.2
A;MANDZUKIC;JUVENTUS;25
A;DYBALA;JUVENTUS;24.6
A;GABBIADINI;NAPOLI;23.8
C;CANDREVA;LAZIO;23.4
C;FELIPE ANDERSON;LAZIO;23.4
A;KLOSE;LAZIO;22.7
A;MURIEL;SAMPDORIA;22.7
A;SALAH;ROMA;22.6
A;VAZQUEZ;PALERMO;22.5
A;LUIZ ADRIANO;MILAN;21.8
A;ROSSI;FIORENTINA;21.6
A;BALOTELLI;MILAN;21.2
C;POGBA;JUVENTUS;21.1
C;SAPONARA;EMPOLI;21
A;KALINIC;FIORENTINA;20.8
A;TOTTI;ROMA;20.8
A;PALOSCHI;CHIEVO;20.4
A;PALACIO;INTER;20.3
A;THEREAU;UDINESE;20.3
A;IAGO FALQUE;ROMA;19.5
A;CALLEJON;NAPOLI;19.4
C;HAMSIK;NAPOLI;19.1
A;ILICIC;FIORENTINA;19.1
A;MACCARONE;EMPOLI;19
A;BELOTTI;TORINO;18.7
A;DJORDJEVIC;LAZIO;18.6
A;PINILLA;ATALANTA;18.5
C;PAROLO;LAZIO;18.3
A;CASSANO;SAMPDORIA;18.3
C;CUADRADO;JUVENTUS;18.3
A;DEFREL;SASSUOLO;18.2
A;MENEZ;MILAN;18.2
A;ZAPATA D;UDINESE;18.1
A;BABACAR;FIORENTINA;17.6
P;BUFFON;JUVENTUS;17.1
A;DESTRO;BOLOGNA;17.1
C;PEROTTI;GENOA;17
A;MAXI LOPEZ;TORINO;16.8
A;SANSONE N;SASSUOLO;16.7
A;ZAZA;JUVENTUS;16.6
A;MEGGIORINI;CHIEVO;16.6
A;DENIS;ATALANTA;16.5
C;PJANIC;ROMA;16.5
C;MERTENS;NAPOLI;16.5
C;BRIENZA;BOLOGNA;16
A;PAVOLETTI;GENOA;16
A;PANDEV;GENOA;15.8
P;SZCZESNY;ROMA;15.7
C;RIGONI;PALERMO;15.7
C;MAURI;LAZIO;15.7
C;NAINGGOLAN;ROMA;15.6
A;MBAKOGU;CARPI;15.6
C;HERNANES;INTER;15.5
P;HANDANOVIC;INTER;15.4
A;PAZZINI;VERONA;15.4
A;FLORO FLORES;SASSUOLO;15.3
A;NIANG;MILAN;15.3
C;BONAVENTURA;MILAN;15.3
P;VIVIANO;SAMPDORIA;15.2
C;BIGLIA;LAZIO;15.2
A;INSIGNE;NAPOLI;15.1
P;PERIN;GENOA;14.7
D;RODRIGUEZ GO;FIORENTINA;14.6
A;GERVINHO;ROMA;14.4
C;MARCHISIO;JUVENTUS;14.3
A;MPOKU;CHIEVO;14.2
C;FLORENZI;ROMA;14.2
A;MATRI;MILAN;14.1
D;GLIK;TORINO;14.1
A;DIONISI;FROSINONE;14.1
D;LICHTSTEINER;JUVENTUS;14
C;KONDOGBIA;INTER;14
A;LONGO;FROSINONE;13.7
D;BONUCCI;JUVENTUS;13.7
P;MARCHETTI;LAZIO;13.6
A;PUCCIARELLI;EMPOLI;13.6
C;MORALEZ;ATALANTA;13.6
A;ITURBE;ROMA;13.6
P;KARNEZIS;UDINESE;13.4
D;ALEX SANDRO;JUVENTUS;13.4
C;GUARIN;INTER;13.4
A;LJAJIC;ROMA;13.3
A;KEITA B;LAZIO;13.2
C;BORJA VALERO;FIORENTINA;13.2
C;BERTOLACCI;MILAN;13.1
P;DIEGO LOPEZ;MILAN;13.1
P;REINA;NAPOLI;13
C;SORIANO;SAMPDORIA;13
A;JUANITO GOMEZ;VERONA;13
A;PELLISSIER;CHIEVO;13
A;CACIA;BOLOGNA;12.8
D;TONELLI;EMPOLI;12.6
D;CHIELLINI;JUVENTUS;12.6
A;CIOFANI D;FROSINONE;12.5
P;BIZZARRI;CHIEVO;12.5
C;HALLFREDSSON;VERONA;12.5
C;PEREYRA;JUVENTUS;12.4
C;JOAQUIN;FIORENTINA;12.3
C;GOMEZ A;ATALANTA;12.3
P;SPORTIELLO;ATALANTA;12.2
C;FERNANDEZ M;FIORENTINA;12.2
D;BASTA;LAZIO;12.1
D;MIRANDA;INTER;12
A;MARTINEZ;TORINO;12
D;ZAPPACOSTA;TORINO;12
C;ALLAN;NAPOLI;11.8
C;VALDIFIORI;NAPOLI;11.7
A;FLOCCARI;SASSUOLO;11.7
C;LULIC;LAZIO;11.7
P;SORRENTINO;PALERMO;11.6
D;MANOLAS;ROMA;11.6
A;WILCZEK;CARPI;11.5
C;CASTRO;CHIEVO;11.5
A;MANCOSU;BOLOGNA;11.4
D;ANTONELLI;MILAN;11.4
C;DE ROSSI;ROMA;11.3
D;BRUNO PERES;TORINO;11.3
D;WIDMER;UDINESE;11.3
A;BERNARDESCHI;FIORENTINA;11.3
P;PADELLI;TORINO;11.2
C;BARRETO E;SAMPDORIA;11.1
A;IBARBO;ROMA;11.1
C;STROOTMAN;ROMA;11.1
D;DE VRIJ;LAZIO;11.1
A;ACQUAFRESCA;BOLOGNA;11.1
A;MCHEDLIDZE;EMPOLI;11.1
A;VERDE;FROSINONE;11
A;CERCI;MILAN;11
D;DANILO;UDINESE;10.8
C;KHEDIRA;JUVENTUS;10.8
A;LASAGNA;CARPI;10.7
A;SILIGARDI;VERONA;10.7
C;FERNANDO;SAMPDORIA;10.6
P;MIRANTE;BOLOGNA;10.6
A;MATOS;CARPI;10.5
P;SEPE;FIORENTINA;10.5
C;SODDIMO;FROSINONE;10.5
C;BASELLI;TORINO;10.5
C;MISSIROLI;SASSUOLO;10.5
C;KONE;UDINESE;10.4
P;RAFAEL;VERONA;10.4
A;MATHEUS CASSINI;PALERMO;10.4
P;CONSIGLI;SASSUOLO;10.2
D;MAICON;ROMA;10.1
D;BARZAGLI;JUVENTUS;10
D;EVRA;JUVENTUS;9.7
D;PASQUAL;FIORENTINA;9.7
C;CROCE;EMPOLI;9.7
C;JANKOVIC;VERONA;9.7
A;FALCINELLI;SASSUOLO;9.7
D;VRSALJKO;SASSUOLO;9.7
C;CAPEL;GENOA;9.6
D;GONZALEZ G;PALERMO;9.6
D;ZUKANOVIC;SAMPDORIA;9.5
D;DE SILVESTRI;SAMPDORIA;9.5
D;MORETTI;TORINO;9.5
P;LEALI;FROSINONE;9.5
C;KISHNA;LAZIO;9.4
C;DI GAUDIO;CARPI;9.4
D;AVELAR;TORINO;9.4
C;KEITA S;ROMA;9.3
A;GAKPE';GENOA;9.3
C;TINO COSTA;GENOA;9.2
C;BIRSA;CHIEVO;9.2
D;ROMAGNOLI A;MILAN;9.2
D;ACERBI;SASSUOLO;9.2
C;DONSAH;BOLOGNA;9.2
A;BAEZ;FIORENTINA;9.1
C;HONDA;MILAN;9.1
C;CIGARINI;ATALANTA;9.1
C;SUAREZ;FIORENTINA;9.1
D;GENTILETTI;LAZIO;9.1
A;BIABIANY;INTER;8.8
D;SILVESTRE;SAMPDORIA;8.8
C;SALA;VERONA;8.8
A;GEIJO;UDINESE;8.8
C;ROMULO;VERONA;8.7
C;BRUNO FERNANDES;UDINESE;8.6
C;BENASSI;TORINO;8.6
C;CORREA;SAMPDORIA;8.6
A;MARILUNGO;ATALANTA;8.5
C;MARTINHO;CARPI;8.5
A;BONAZZOLI;SAMPDORIA;8.4
C;DE JONG;MILAN;8.3
D;RUDIGER;ROMA;8.3
C;BROZOVIC;INTER;8.3
C;LAZOVIC;GENOA;8.2
D;MARCHESE;GENOA;8.2
A;AMAURI;TORINO;8.2
D;HEURTAUX;UDINESE;8.2
D;MURILLO;INTER;8.1
D;RANOCCHIA;INTER;8.1
P;SKORUPSKI;EMPOLI;8.1
D;LAZAAR;PALERMO;8
C;EL KADDOURI;NAPOLI;8
A;BOAKYE;ATALANTA;7.8
D;BURDISSO;GENOA;7.8
C;RINCON;GENOA;7.7
D;RUGANI;JUVENTUS;7.7
C;IZCO;CHIEVO;7.7
D;MARIO RUI;EMPOLI;7.7
D;MARCOS ALONSO;FIORENTINA;7.7
C;DAVID LOPEZ;NAPOLI;7.7
C;DE GUZMAN;NAPOLI;7.7
D;ALBIOL;NAPOLI;7.7
D;ABATE;MILAN;7.6
C;SUSO;MILAN;7.6
D;CASSANI;SAMPDORIA;7.6
C;QUAISON;PALERMO;7.6
C;LAZZARI;CARPI;7.6
D;GASTALDELLO;BOLOGNA;7.5
C;KUCKA;MILAN;7.5
D;DE MAIO;GENOA;7.5
D;MONTOYA;INTER;7.5
D;MOISANDER;SAMPDORIA;7.5
A;TRAJKOVSKI;PALERMO;7.4
D;KOULIBALY;NAPOLI;7.4
D;DIGNE;ROMA;7.4
A;LUPOLI;FROSINONE;7.4
C;VECINO;FIORENTINA;7.3
D;ALEX;MILAN;7.3
D;TOLOI;ATALANTA;7.2
D;ASTORI;FIORENTINA;7.2
D;MAKSIMOVIC;TORINO;7.2
A;PERICA;UDINESE;7.1
D;MORAS;VERONA;7.1
C;MONTOLIVO;MILAN;7.1
D;EL KAOUTARI;PALERMO;7.1
C;MORRISON;LAZIO;7.1
C;KURTIC;ATALANTA;7.1
D;TOMOVIC;FIORENTINA;7.1
C;CATALDI;LAZIO;7
D;RADU;LAZIO;7
C;BADU;UDINESE;7
D;PELUSO;SASSUOLO;6.8
C;JORGINHO;NAPOLI;6.8
D;D'AMBROSIO;INTER;6.8
D;BLANCHARD;FROSINONE;6.7
C;PAGANINI;FROSINONE;6.7
D;ROSI;FROSINONE;6.7
C;DE ROON;ATALANTA;6.7
D;PALETTA;ATALANTA;6.7
D;ZAMBELLI;EMPOLI;6.7
C;PULGAR;BOLOGNA;6.6
D;CHIRICHES;NAPOLI;6.6
C;FARNERUD;TORINO;6.6
C;HILJEMARK;PALERMO;6.6
D;SPOLLI;CARPI;6.6
P;BRKIC;CARPI;6.6
A;INGLESE;CHIEVO;6.6
D;GOBBI;CHIEVO;6.6
D;DIAKITE';FROSINONE;6.6
D;MUNOZ;GENOA;6.6
C;STURARO;JUVENTUS;6.5
D;BARBA;EMPOLI;6.5
D;BASANTA;FIORENTINA;6.5
C;ESTIGARRIBIA;ATALANTA;6.5
D;GHOULAM;NAPOLI;6.5
D;CANNAVARO;SASSUOLO;6.5
C;DUNCAN;SASSUOLO;6.5
C;VIVIANI;VERONA;6.4
A;DJURDJEVIC;PALERMO;6.4
D;MEXES;MILAN;6.4
D;STENDARDO;ATALANTA;6.4
D;GAGLIOLO;CARPI;6.4
C;BADELJ;FIORENTINA;6.4
C;MARRONE;CARPI;6.4
D;DAINELLI;CHIEVO;6.4
C;MEDEL;INTER;6.4
D;JUAN JESUS;INTER;6.4
D;SANTON;INTER;6.3
D;DIOGO FIGUEIRAS;GENOA;6.3
D;IZZO;GENOA;6.3
C;RONALDO P;EMPOLI;6.3
C;RIZZO;BOLOGNA;6.3
C;PALOMBO;SAMPDORIA;6.3
D;MARQUEZ;VERONA;6.3
C;MAGNANELLI;SASSUOLO;6.3
D;DOMIZZI;UDINESE;6.2
D;EDENILSON;UDINESE;6.2
C;IONITA;VERONA;6.2
C;TONEV;FROSINONE;6.2
D;ROSSETTINI;BOLOGNA;6.2
C;RADOVANOVIC;CHIEVO;6.2
C;TACHTSIDIS;GENOA;6.2
A;REBIC;FIORENTINA;6.2
A;COMAN;JUVENTUS;6.1
C;HETEMAJ;CHIEVO;6.1
C;PEPE;CHIEVO;6.1
C;CHOCHEV;PALERMO;6.1
D;CASTAN;ROMA;6.1
D;ZUNIGA;NAPOLI;6.1
D;RISPOLI;PALERMO;6.1
C;ASAMOAH;JUVENTUS;6
C;GUCHER;FROSINONE;6
C;PASCIUTI;CARPI;5.8
C;BRUGMAN;PALERMO;5.8
C;CRIMI;BOLOGNA;5.8
D;WINCK;VERONA;5.8
C;GRECO;VERONA;5.8
C;VIVES;TORINO;5.8
D;PIRIS;UDINESE;5.8
D;ADNAN;UDINESE;5.7
C;INIGUEZ;CARPI;5.7
D;COLE;ROMA;5.7
C;BRIGHI;BOLOGNA;5.7
D;CISSOKHO;GENOA;5.7
D;VIDIC;INTER;5.7
D;HOEDT;LAZIO;5.7
D;NAGATOMO;INTER;5.6
A;MONACHELLO;ATALANTA;5.6
D;MAGGIO;NAPOLI;5.6
C;MAIELLO;EMPOLI;5.6
A;AGUIRRE;UDINESE;5.6
C;BIONDINI;SASSUOLO;5.6
D;STRUNA;PALERMO;5.5
D;ZAPATA C;MILAN;5.5
C;POLI;MILAN;5.5
C;KRSTICIC;SAMPDORIA;5.5
D;RAIMONDI;ATALANTA;5.5
D;GILBERTO;FIORENTINA;5.5
C;CHIBSAH;FROSINONE;5.5
D;FREY;CHIEVO;5.4
D;MBAYE;BOLOGNA;5.4
C;MAURI J;MILAN;5.4
C;GUILHERME;UDINESE;5.4
C;ACQUAH;TORINO;5.4
D;SOUPRAYEN;VERONA;5.4
C;FALCO;BOLOGNA;5.3
D;WAGUE;UDINESE;5.3
D;HYSAJ;NAPOLI;5.3
D;PAVLOVIC;FROSINONE;5.3
P;TATARUSANU;FIORENTINA;5.2
D;BITTANTE;EMPOLI;5.2
C;CRISETIG;BOLOGNA;5.2
C;D'ALESSANDRO;ATALANTA;5.2
D;TOROSIDIS;ROMA;5.2
C;BENALI;PALERMO;5.1
C;LARIBI;SASSUOLO;5.1
C;POLITANO;SASSUOLO;5.1
D;HELANDER;VERONA;5.1
C;MILINKOVIC-SAVIC;LAZIO;5.1
D;MOLINARO;TORINO;5
D;GABRIEL SILVA;CARPI;5
C;PINZI;UDINESE;5
D;STRINIC;NAPOLI;5
D;DE SCIGLIO;MILAN;5
D;GAMBERINI;CHIEVO;5
C;ZIELINSKI;EMPOLI;5
D;CACERES;JUVENTUS;5
C;GNOUKOURI;INTER;4.8
D;MAURICIO;LAZIO;4.8
C;GORI;FROSINONE;4.8
D;COSTA;EMPOLI;4.8
D;SARDO;CHIEVO;4.8
D;WALLACE;CARPI;4.8
D;ANDELKOVIC;PALERMO;4.8
C;PAREDES;ROMA;4.8
C;MARESCA;PALERMO;4.8
D;SALAMON;SAMPDORIA;4.8
C;GAZZI;TORINO;4.7
D;BOVO;TORINO;4.7
D;KRAFTH;BOLOGNA;4.7
D;DRAME';ATALANTA;4.7
C;FRARA;FROSINONE;4.7
C;ONAZI;LAZIO;4.7
D;ISLA;JUVENTUS;4.7
D;DODO';INTER;4.6
C;LAXALT;GENOA;4.6
C;PORCARI;CARPI;4.6
D;ROMAGNOLI S;CARPI;4.6
D;CESAR;CHIEVO;4.6
C;ITURRA;UDINESE;4.6
D;GAZZOLA;SASSUOLO;4.5
D;LONGHI;SASSUOLO;4.5
C;NTCHAM;GENOA;4.5
D;REGINI;SAMPDORIA;4.5
C;CHRISTIANSEN;CHIEVO;4.5
D;LETIZIA;CARPI;4.5
D;BELLINI;ATALANTA;4.5
C;ZUCULINI;BOLOGNA;4.4
D;CACCIATORE;CHIEVO;4.4
D;LAURINI;EMPOLI;4.4
C;SAMMARCO;FROSINONE;4.4
C;CARLINI;FROSINONE;4.4
C;PASQUATO;JUVENTUS;4.4
D;BRAAFHEID;LAZIO;4.3
D;CRIVELLO;FROSINONE;4.3
D;MATTIELLO;CHIEVO;4.3
A;SOWE;CHIEVO;4.3
D;MASIELLO A;ATALANTA;4.3
C;JAJALO;PALERMO;4.3
D;VITIELLO;PALERMO;4.3
D;GOLDANIGA;PALERMO;4.2
C;NOCERINO;MILAN;4.2
D;CHERUBIN;ATALANTA;4.2
D;OIKONOMOU;BOLOGNA;4.2
C;LOLLO;CARPI;4.2
D;RONCAGLIA;FIORENTINA;4.2
C;PADOIN;JUVENTUS;4.2
D;MORLEO;BOLOGNA;4.1
D;TERRANOVA;SASSUOLO;4.1
C;MERKEL;UDINESE;4
C;FEDELE;CARPI;4
D;PISANO E;VERONA;4
C;CARMONA;ATALANTA;4
C;SIGNORELLI;EMPOLI;4
D;ZANON;FROSINONE;4
D;KONKO;LAZIO;3.8
D;BRIVIO;ATALANTA;3.8
D;MASINA;BOLOGNA;3.8
D;NEUTON;UDINESE;3.8
D;JANSSON;TORINO;3.8
D;ZACCARDO;MILAN;3.8
D;MESBAH;SAMPDORIA;3.8
C;WSZOLEK;SAMPDORIA;3.8
D;ANTEI;SASSUOLO;3.8
C;MARCHIONNI;SAMPDORIA;3.7
D;HENRIQUE;NAPOLI;3.7
C;BOLZONI;PALERMO;3.7
D;CECCARELLI;BOLOGNA;3.7
D;MAIETTA;BOLOGNA;3.6
C;BIANCO;CARPI;3.6
C;UCAN;ROMA;3.6
C;OBI;TORINO;3.6
C;STEVANOVIC;TORINO;3.5
D;DEL GROSSO;ATALANTA;3.5
D;PUCINO;CHIEVO;3.5
D;CANA;LAZIO;3.5
D;TAMBE';GENOA;3.5
D;POLI F;CARPI;3.4
D;BUBNJIC;CARPI;3.4
D;DAPRELA';PALERMO;3.4
D;PASQUALE;UDINESE;3.3
D;DELL'ORCO;SASSUOLO;3.3
D;GYOMBER;ROMA;3.3
C;GIORGI;ATALANTA;3.3
C;BRILLANTE;EMPOLI;3.3
D;ANDREOLLI;INTER;3.3
D;RUSSO;FROSINONE;3.3
D;CIOFANI M;FROSINONE;3.2
C;SCHELOTTO;INTER;3.2
C;RIGONI N;CHIEVO;3.2
D;BIANCHETTI;VERONA;3.2
C;LUCAS EVANGELISTA;UDINESE;3.1
D;SUAGHER;ATALANTA;3.1
C;MIGLIACCIO;ATALANTA;3
D;CAMPORESE;EMPOLI;3
C;KRUNIC;EMPOLI;3
D;DE CEGLIE;JUVENTUS;3
D;ARIAUDO;SASSUOLO;3
C;DEZI;NAPOLI;2.8
C;MASTOUR;MILAN;2.8
D;FONTANESI;SASSUOLO;2.8
C;ROSSI F;JUVENTUS;2.8
D;FERRARI;BOLOGNA;2.8
D;MARTINELLI;EMPOLI;2.7
D;PATRIC;LAZIO;2.7
P;ZAPPINO;FROSINONE;2.7
A;MANAJ;INTER;2.7
P;DE SANCTIS;ROMA;2.7
D;BERTONCINI;FROSINONE;2.6
C;BAKIC;FIORENTINA;2.5
C;GRASSI;ATALANTA;2.4
C;DELLA ROCCA;PALERMO;2.4
A;FARES;VERONA;2.3
D;FARAONI;UDINESE;2.3
D;CONTI;ATALANTA;2.3
D;ALTOBELLI;FROSINONE;2.3
C;OIKONOMIDIS;LAZIO;2.2
D;HEGAZY;FIORENTINA;2.2
A;LA GUMINA;PALERMO;2.2
D;CODA;SAMPDORIA;2.2
D;ALBERTAZZI;VERONA;2.2
A;PIU;EMPOLI;2.1
D;DERMAKU;EMPOLI;2.1
D;DIMARCO;INTER;2.1
D;CANINI;ATALANTA;2
P;BENUSSI;CARPI;2
D;GASTON SILVA;TORINO;2
C;BROH;SASSUOLO;1.8
P;POMINI;SASSUOLO;1.8
C;PELLEGRINI;SASSUOLO;1.8
P;GOLLINI;VERONA;1.8
P;DONNARUMMA G;MILAN;1.8
P;PUGGIONI;SAMPDORIA;1.8
A;GHIGLIONE;GENOA;1.8
P;GUERRIERI;LAZIO;1.8
P;UJKANI;GENOA;1.7
P;PEGOLO;SASSUOLO;1.7
D;RODRIGO ELY;MILAN;1.7
P;COPPOLA;VERONA;1.7
P;COLOMBI;PALERMO;1.6
P;CARRIZO;INTER;1.6
P;NETO;JUVENTUS;1.6
P;RUBINHO;JUVENTUS;1.5
P;BERISHA;LAZIO;1.5
P;LOBONT;ROMA;1.5
D;PIRRELLO;PALERMO;1.4
D;CALABRIA;MILAN;1.4
C;ZACCAGNI;VERONA;1.4
P;GOMIS L;TORINO;1.4
P;ABBIATI;MILAN;1.4
A;PANICO;GENOA;1.4
C;DIAWARA;BOLOGNA;1.4
P;BASSI;ATALANTA;1.4
P;PUGLIESI;EMPOLI;1.4
D;BORGHINI;EMPOLI;1.3
P;PELAGOTTI;EMPOLI;1.3
P;BRESSAN;CHIEVO;1.3
P;DONNARUMMA A;GENOA;1.3
P;PIGLIACELLI;FROSINONE;1.3
P;GABRIEL;NAPOLI;1.3
P;RAFAEL CABRAL;NAPOLI;1.3
A;ONETO;SAMPDORIA;1.3
C;LULIC K;SAMPDORIA;1.2
C;IVAN;SAMPDORIA;1.2
A;BENTIVEGNA;PALERMO;1.2
P;CASTELLAZZI;TORINO;1.2
D;PARENTE;GENOA;1.2
P;DA COSTA;BOLOGNA;1.2
P;MURANO;CARPI;1.2
P;SECULIN;CHIEVO;1.1
P;LEZZERINI;FIORENTINA;1.1
P;MERET;UDINESE;1.1
D;CAPRADOSSI;ROMA;1.1
P;BRIGNOLI;SAMPDORIA;1.1
D;LUPERTO;NAPOLI;1.1
P;ANDUJAR;NAPOLI;1
P;ICHAZO;TORINO;1
D;BAGADUR;FIORENTINA;1
C;DIAKHATE;FIORENTINA;1
C;DIOUSSE';EMPOLI;1
C;MBAYE M;CHIEVO;1
P;SARR;BOLOGNA;1
P;RADUNOVIC;ATALANTA;1
D;KRESIC;ATALANTA;1
P;BERNI;INTER;1
P;LAMANNA;GENOA;1
D;PRCE;LAZIO;1